ProductID,Category,SubCategory,ProductName,Brand,SizeMetric,UnitPrice,PerishableFlag,Currency,SKUCode
1,Grocery,Frozen,Birds Eye Voila Chicken,Birds,1.70 kg,10.47,No,USD,SKU000001
2,Grocery,Frozen,Pringles Pizza Potato Crisps,Pringles,pack of 12,5.31,No,USD,SKU000002
3,Grocery,Pantry,Texas Roadhouse Honey Cinnamon,Texas,208 g,2.0,No,USD,SKU000003
4,Grocery,Pantry,Find Options Your Lifestyle,Find,each,2.44,No,USD,SKU000004
5,Grocery,Pantry,Lunchly Meal Turkey Stack,Lunchly,each,2.97,No,USD,SKU000005
6,Grocery,Snacks,Kellogg's Frosted Flakes Cold,Kellogg's,60 g,20.0,No,USD,SKU000006
7,Grocery,Pantry,Easy Pantry Dinners,Easy,each,8.44,No,USD,SKU000007
8,Grocery,Produce,Marketside Tomato Herb Braided,Marketside,each,4.48,Yes,USD,SKU000008
9,Grocery,Pantry,Cutwater Spirits Tequila Lime,Cutwater,pack of 4,11.98,No,USD,SKU000009
10,Grocery,Beverages,Lindt Dubai Style Milk,Lindt,150 g,2.96,Yes,USD,SKU000010
11,Clothing,Apparel,Kids Baby,Kids,each,13.0,No,USD,SKU000011
12,Clothing,Apparel,Mens Activewear,Mens,each,10.0,No,USD,SKU000012
13,Clothing,Apparel,Girls Active 10,Girls,each,7.0,No,USD,SKU000013
14,Clothing,Footwear,Shoes,Shoes,each,26.99,No,USD,SKU000014
15,Clothing,Apparel,Yitty Active S Ultraluxe,Yitty,each,39.99,No,USD,SKU000015
16,Clothing,Apparel,Yitty Active S Ultraluxe S016,Yitty,each,20.99,No,USD,SKU000016
17,Clothing,Apparel,Yitty Active S Ultraluxe S017,Yitty,each,39.99,No,USD,SKU000017
18,Clothing,Apparel,Yitty Active S Ultraluxe S018,Yitty,each,19.99,No,USD,SKU000018
19,Clothing,Apparel,Yitty Active S Ultraluxe S019,Yitty,each,32.99,No,USD,SKU000019
20,Clothing,Apparel,Yitty Active S Pleated,Yitty,each,38.99,No,USD,SKU000020
21,Clothing,Apparel,Yitty Active S Ultraluxe S021,Yitty,each,29.99,No,USD,SKU000021
22,Clothing,Apparel,Yitty Active S Ultraluxe S022,Yitty,each,23.99,No,USD,SKU000022
23,Clothing,Apparel,Yitty Active S Ultraluxe S023,Yitty,each,26.99,No,USD,SKU000023
24,Clothing,Apparel,Yitty Active S Ultraluxe S024,Yitty,each,29.99,No,USD,SKU000024
25,Clothing,Apparel,Yitty Active S Ultraluxe S025,Yitty,each,25.99,No,USD,SKU000025
26,Clothing,Apparel,Yitty Active S Ultraluxe S026,Yitty,each,34.99,No,USD,SKU000026
27,Clothing,Apparel,Yitty Active S Ultraluxe S027,Yitty,each,29.99,No,USD,SKU000027
28,Clothing,Apparel,Yitty Active S Seamless,Yitty,each,19.99,No,USD,SKU000028
29,Clothing,Apparel,Yitty Active S Ultraluxe S029,Yitty,each,29.99,No,USD,SKU000029
30,Clothing,Apparel,Yitty Active S Ultraluxe S030,Yitty,each,39.99,No,USD,SKU000030
31,Clothing,Apparel,Yitty Active S Ultraluxe S031,Yitty,each,36.99,No,USD,SKU000031
32,Clothing,Apparel,Yitty Active S Ultraluxe S032,Yitty,each,26.99,No,USD,SKU000032
33,Clothing,Apparel,Yitty Active,Yitty,each,5.0,No,USD,SKU000033
34,Clothing,Apparel,Tons Backpacks 5,Tons,each,4.0,No,USD,SKU000034
35,Clothing,Apparel,Stylish Uniforms 4,Stylish,each,10.0,No,USD,SKU000035
36,Clothing,Apparel,Looks Campus Beyond,Looks,each,29.99,No,USD,SKU000036
37,Clothing,Footwear,Crocs S Yukon Vista,Crocs,each,54.99,No,USD,SKU000037
38,Clothing,Apparel,Halloween Fashion,Halloween,each,10.0,No,USD,SKU000038
39,Beauty,Beauty,From 10 Top-Drawer Go-Tos,From,each,57.99,No,USD,SKU000039
40,Beauty,Beauty,Michael Kors S Jet,Michael,each,62.47,No,USD,SKU000040
41,Beauty,Beauty,Michael Kors S Adult,Michael,each,63.94,No,USD,SKU000041
42,Electronics,TVs,Michael Kors 35F1Gtvc6T Jet,Michael,each,97.97,No,USD,SKU000042
43,Beauty,Beauty,Michael Kors Lady Large,Michael,each,107.97,No,USD,SKU000043
44,Beauty,Beauty,Michael Kors Jet Travel,Michael,each,227.5,No,USD,SKU000044
45,Beauty,Beauty,Marc Jacobs S Snapshot,Marc,each,99.0,No,USD,SKU000045
46,Electronics,TVs,Michael Kors Womens Jet,Michael,each,139.0,No,USD,SKU000046
47,Beauty,Beauty,Michael Kors Handbag,Michael,each,53.0,No,USD,SKU000047
48,Beauty,Beauty,Coach S Small Corner,Coach,each,61.97,No,USD,SKU000048
49,Beauty,Beauty,Michael Kors Adult Adjustable,Michael,each,134.95,No,USD,SKU000049
50,Beauty,Beauty,Kate Spade Leila Medium,Kate,each,208.0,No,USD,SKU000050
51,Beauty,Beauty,Tory Burch Hb Mini,Tory,each,298.0,No,USD,SKU000051
52,Beauty,Beauty,Tory Burch S Ella,Tory,each,295.0,No,USD,SKU000052
53,Beauty,Beauty,Staud Moon Tote Bag,Staud,each,422.99,No,USD,SKU000053
54,Beauty,Beauty,Marc Jacobs Womens Leather,Marc,each,101.0,No,USD,SKU000054
55,Beauty,Beauty,Bags Up 40 Off,Bags,each,32.0,No,USD,SKU000055
56,Clothing,Apparel,Sofia Vergara S,Sofia,each,25.0,No,USD,SKU000056
57,Clothing,Apparel,Sofia Jeans S Melisa,Sofia,each,24.0,No,USD,SKU000057
58,Beauty,Beauty,Sofia Vergara S S058,Sofia,each,24.0,No,USD,SKU000058
59,Clothing,Apparel,Sofia Vergara S S059,Sofia,each,32.0,No,USD,SKU000059
60,Clothing,Apparel,Sofia Vergara S S060,Sofia,each,32.0,No,USD,SKU000060
61,Clothing,Apparel,Sofia Vergara S S061,Sofia,each,22.0,No,USD,SKU000061
62,Clothing,Apparel,Sofia Vergara S S062,Sofia,each,26.0,No,USD,SKU000062
63,Clothing,Apparel,Sofia Vergara S S063,Sofia,each,25.0,No,USD,SKU000063
64,Clothing,Apparel,Sofia Vergara S S064,Sofia,each,25.0,No,USD,SKU000064
65,Clothing,Apparel,Sofia Jeans S Margot,Sofia,each,26.0,No,USD,SKU000065
66,Clothing,Apparel,Sofia Vergara S S066,Sofia,each,24.0,No,USD,SKU000066
67,Clothing,Apparel,Sofia Vergara S S067,Sofia,each,24.0,No,USD,SKU000067
68,Electronics,Electronics,Cameras Drones,Cameras,each,189.0,No,USD,SKU000068
69,Electronics,Wearables,Apple Watch Se 2Nd,Apple,each,249.89,No,USD,SKU000069
70,Electronics,Gaming,Sony Ps5 Dualsense Edge,Sony,each,258.0,No,USD,SKU000070
71,Electronics,Electronics,Florascent Projector Screen Stand,Florascent,each,439.0,No,USD,SKU000071
72,Pet Supplies,Pet Care,Carriers Slings More,Carriers,each,4.97,No,USD,SKU000072
73,Pet Supplies,Pet Care,Scary Scary-Good Pet Picks,Scary,each,14.85,No,USD,SKU000073
74,Pet Supplies,Pet Care,Supplements Keep Them,Supplements,each,10.0,No,USD,SKU000074
75,Pet Supplies,Pet Care,Pet Health Wellness,Pet,each,40.99,No,USD,SKU000075
76,Pet Supplies,Dog,Nutramax Dasuquin Small,Nutramax,pack of 84,20.96,No,USD,SKU000076
77,Pet Supplies,Dog,Petlab Co Probiotic Chews,Petlab,pack of 30,14.47,No,USD,SKU000077
78,Beauty,Fragrance,From Cult-Fave Haircare Fragrances,From,each,10.0,No,USD,SKU000078
79,Beauty,Beauty,Bronzed Skin,Bronzed,each,20.0,No,USD,SKU000079
80,Beauty,Makeup,Makeup Under 20,Makeup,each,14.98,No,USD,SKU000080
81,Beauty,Skin & Hair Care,Bubble Skincare Power Wave,Bubble,50 ml,9.0,No,USD,SKU000081
82,Beauty,Beauty,Mario Badescu Drying Patch,Mario,each,13.98,No,USD,SKU000082
83,Beauty,Skin & Hair Care,Good Molecules Brightening Toner,Good,each,11.98,No,USD,SKU000083
84,Beauty,Skin & Hair Care,Good Molecules Lightweight Daily,Good,98 ml,38.0,No,USD,SKU000084
85,Beauty,Beauty,Tula Skin Care Glow,Tula,10 g,39.97,No,USD,SKU000085
86,Beauty,Beauty,La Roche-Posay Hyalu B5,La,30 ml,28.0,No,USD,SKU000086
87,Beauty,Beauty,Kate Somerville Eradikate 10,Kate,30 ml,24.98,No,USD,SKU000087
88,Beauty,Beauty,Bubble Skincare 3-Step Hydrating,Bubble,each,14.0,No,USD,SKU000088
89,Beauty,Beauty,E.l.f. Skin Suntouchable All,E.l.f.,each,39.97,No,USD,SKU000089
90,Beauty,Beauty,La Roche-Posay Anthelios Tinted,La,50 ml,35.47,No,USD,SKU000090
91,Beauty,Beauty,Colorescience Sunforgettable Total Protection,Colorescience,51 g,58.0,No,USD,SKU000091
92,Beauty,Beauty,Dhc Deep Cleansing Oil,Dhc,198 ml,10.98,No,USD,SKU000092
93,Beauty,Makeup,Hero Cosmetics Mighty Patch,Hero,pack of 24,8.88,No,USD,SKU000093
94,Beauty,Skin & Hair Care,Neutrogena Sheer Dry-Touch Spf,Neutrogena,each,45.0,No,USD,SKU000094
95,Beauty,Beauty,Tizo3 Facial Primer Tinted,Tizo3,each,45.0,No,USD,SKU000095
96,Beauty,Skin & Hair Care,Kate Somerville Eradikate 3,Kate,118 ml,25.0,No,USD,SKU000096
97,Beauty,Skin & Hair Care,Proactiv Solution Revitalizing Toner,Proactiv,118 ml,25.97,No,USD,SKU000097
98,Beauty,Beauty,New Premium Beauty,New,each,36.99,No,USD,SKU000098
99,Beauty,Fragrance,Coach York Eau De,Coach,28 g,38.88,No,USD,SKU000099
100,Beauty,Beauty,Burberry Brit 3 4,Burberry,each,26.98,No,USD,SKU000100
101,Beauty,Fragrance,Good Chemistry Eau De,Good,50 ml,25.98,No,USD,SKU000101
102,Beauty,Fragrance,Juicy Couture Oui Play,Juicy,14 g,39.0,No,USD,SKU000102
103,Beauty,Fragrance,Dossier Floral Marshmallow Eau,Dossier,48 g,8.96,No,USD,SKU000103
104,Beauty,Fragrance,Dwell212 Petals Fragrance Mist,Dwell212,237 ml,19.0,No,USD,SKU000104
105,Beauty,Fragrance,Lattafa Unisex Yara Tous,Lattafa,96 g,32.81,No,USD,SKU000105
106,Beauty,Fragrance,Calvin Klein Eternity Eau,Calvin,96 g,130.05,No,USD,SKU000106
107,Beauty,Fragrance,Jadore Christian Dior,Jadore,each,32.99,No,USD,SKU000107
108,Beauty,Fragrance,Elizabeth Arden Door Eau,Elizabeth,98 ml,39.98,No,USD,SKU000108
109,Beauty,Fragrance,Billie Eilish Eau De,Billie,28 g,28.94,No,USD,SKU000109
110,Beauty,Fragrance,Dossier Ambery Vanilla Eau,Dossier,48 g,64.53,No,USD,SKU000110
111,Beauty,Fragrance,Viva La Juicy Sucre,Viva,96 g,55.95,No,USD,SKU000111
112,Beauty,Fragrance,Ariana Grande Cloud Eau,Ariana,96 g,29.88,No,USD,SKU000112
113,Beauty,Fragrance,Sabrina Carpenter Sweet Tooth,Sabrina,30 ml,124.0,No,USD,SKU000113
114,Beauty,Fragrance,nan 124 Value Yves,Sabrina,85 g,98.0,No,USD,SKU000114
115,Beauty,Fragrance,nan 112 Value Jimmy,Sabrina,94 g,38.5,No,USD,SKU000115
116,Beauty,Fragrance,New Fragrance Faves,New,each,6.97,No,USD,SKU000116
117,Beauty,Skin & Hair Care,Eos Shea Better Body,Eos,473 ml,9.97,No,USD,SKU000117
118,Beauty,Beauty,Fulfillment Speed,Fulfillment,each,20.0,No,USD,SKU000118
119,Beauty,Beauty,Get It Today,Get,each,270.0,No,USD,SKU000119
120,Beauty,Beauty,Mainstays Albany Lane 3,Mainstays,each,590.0,No,USD,SKU000120
121,Electronics,Phones & Tablets,2025 Apple 11-Inch Ipad,2025,each,348.0,No,USD,SKU000121
122,Beauty,Beauty,+2 Options,+2,each,199.0,No,USD,SKU000122
123,Beauty,Beauty,Aovopro Esbs 500W 14,Aovopro,each,879.0,No,USD,SKU000123
124,Grocery,Beverages,Bifanuo 100 Gallon Deck,Bifanuo,each,499.0,No,USD,SKU000124
125,Grocery,Produce,4 Free Offers Apple,4,each,214.0,No,USD,SKU000125
126,Beauty,Skin & Hair Care,Prettycare Cordless Stick Vacuum,Prettycare,each,199.0,No,USD,SKU000126
127,Beauty,Beauty,Dyson Big Ball Turbinehead,Dyson,each,279.0,No,USD,SKU000127
128,Beauty,Beauty,Asudesire 5 S Athletic,Asudesire,pack of 5,498.0,No,USD,SKU000128
129,Beauty,Beauty,Hellmann's Real Mayonnaise Gluten,Hellmann's,887 ml,227.0,No,USD,SKU000129
130,Beauty,Beauty,From$2279,From$2279,each,159.99,No,USD,SKU000130
131,Clothing,Apparel,Mainstays Albany Lane Steel,Mainstays,each,499.0,No,USD,SKU000131
132,Beauty,Beauty,Dyson V11 Extra Cordless,Dyson,each,299.0,No,USD,SKU000132
133,Beauty,Beauty,Napqueen Victoria 10 Queen,Napqueen,each,400.0,No,USD,SKU000133
134,Beauty,Beauty,Hanes S Super Value,Hanes,pack of 10,169.0,No,USD,SKU000134
135,Grocery,Frozen,Ninja Creami Ice Cream,Ninja,each,300.0,No,USD,SKU000135
136,Clothing,Apparel,George S Big S,George,each,137.0,No,USD,SKU000136
137,Electronics,Electronics,Jeep Parts Accessories,Jeep,each,26.88,No,USD,SKU000137
138,Electronics,Electronics,Parts Vehicle,Parts,each,10.0,No,USD,SKU000138
139,Electronics,Electronics,Refrigerants,Refrigerants,each,7.59,No,USD,SKU000139
140,Electronics,TVs,Atvs Side-By-Sides,Atvs,each,6.48,No,USD,SKU000140
141,Electronics,Electronics,Camco Tst Max Camper,Camco,each,55.92,No,USD,SKU000141
142,Electronics,Electronics,Auto Drive 9 X,Auto,each,17.37,No,USD,SKU000142
143,Electronics,Electronics,Waykar 4500Btu Portable Air,Waykar,each,99.98,No,USD,SKU000143
144,Electronics,Phones & Tablets,Levelmatepro Wireless Rv Leveling,Levelmatepro,each,20.5,No,USD,SKU000144
145,Beauty,Beauty,Prestone As242 Windshield De-Icer,Prestone,312 g,2.08,No,USD,SKU000145
146,Beauty,Beauty,Car Lighting,Car,each,23.33,No,USD,SKU000146
147,Beauty,Beauty,Everstart Emergency Truck Safety,Everstart,each,46.99,No,USD,SKU000147
148,Beauty,Beauty,Yilairiou Car Emergency Kit-,Yilairiou,each,42.99,No,USD,SKU000148
149,Beauty,Beauty,Hyper Tough 200-Lumen Emergency,Hyper,each,42.28,No,USD,SKU000149
150,Beauty,Beauty,Goodyear Travel Safety Gy3005,Goodyear,each,24.99,No,USD,SKU000150
151,Electronics,Electronics,Arts Crafts,Arts,each,5.97,No,USD,SKU000151
152,Electronics,Electronics,From 5 97,From,each,4.48,No,USD,SKU000152
153,Electronics,Electronics,Sweet Dreams Ahead,Sweet,each,22.24,No,USD,SKU000153
154,Electronics,Electronics,Better Homes Gardens Faux,Better,each,178.0,No,USD,SKU000154
155,Electronics,Electronics,Better Homes Gardens Greyson,Better,each,18.88,No,USD,SKU000155
156,Electronics,Electronics,Preorder Now,Preorder,each,22.24,No,USD,SKU000156
157,Electronics,Electronics,Better Homes Gardens Faux S157,Better,each,349.99,No,USD,SKU000157
158,Beauty,Beauty,Better Homes Gardens 21,Better,each,59.88,No,USD,SKU000158
159,Beauty,Beauty,Better Homes Garden 22,Better,each,12.97,No,USD,SKU000159
160,Beauty,Beauty,Mainstays Ivory Windowpane,Mainstays,each,14.98,No,USD,SKU000160
161,Beauty,Beauty,Arrives 08 16 2025,Arrives,each,14.99,No,USD,SKU000161
162,Beauty,Beauty,nan 2 Beautiful Tonal,Arrives,pack of 2,39.94,No,USD,SKU000162
163,Beauty,Beauty,Better Homes Gardens Beige,Better,each,11.94,No,USD,SKU000163
164,Beauty,Skin & Hair Care,Better Homes Gardens Faux S164,Better,each,214.0,No,USD,SKU000164
165,Beauty,Beauty,Style It Your Way,Style,each,12.0,No,USD,SKU000165
166,Beauty,Skin & Hair Care,Accent Chairs Warm Lighting,Accent,each,4.78,No,USD,SKU000166
167,Beauty,Beauty,Dont Miss These,Dont,each,29.84,No,USD,SKU000167
168,Beauty,Beauty,Furniture 29 84,Furniture,each,14.97,No,USD,SKU000168
169,Beauty,Beauty,Decor Faves 14 97,Decor,each,31.88,No,USD,SKU000169
170,Beauty,Beauty,Candles More,Candles,each,8.22,No,USD,SKU000170
171,Beauty,Beauty,Better Homes Gardens Amber,Better,each,19.95,No,USD,SKU000171
172,Beauty,Beauty,Lulu Candles Jasmine Oud,Lulu,255 g,5.83,No,USD,SKU000172
173,Beauty,Beauty,Mainstays Single Wick Square,Mainstays,each,17.86,No,USD,SKU000173
174,Beauty,Beauty,Better Homes Garden 6,Better,each,16.12,No,USD,SKU000174
175,Beauty,Beauty,Mainstays 6 5 Brown,Mainstays,each,9.78,No,USD,SKU000175
176,Beauty,Beauty,Better Homes Gardens Fresh,Better,283 g,33.48,No,USD,SKU000176
177,Beauty,Beauty,Better Homes Gardens Fresh 2.27kg,Better,2.27 kg,9.78,No,USD,SKU000177
178,Grocery,Pantry,Better Homes Gardens Salted,Better,283 g,9.78,No,USD,SKU000178
179,Grocery,Produce,Better Homes Gardens Farm,Better,283 g,33.48,No,USD,SKU000179
180,Beauty,Beauty,Better Homes Gardens Spicy,Better,2.27 kg,9.78,No,USD,SKU000180
181,Beauty,Beauty,Better Homes Gardens Spicy 283g,Better,283 g,17.86,No,USD,SKU000181
182,Beauty,Beauty,Better Homes Garden 6 S182,Better,each,13.78,No,USD,SKU000182
183,Grocery,Produce,Better Homes Gardens 3-Wick,Better,850 g,13.78,No,USD,SKU000183
184,Beauty,Beauty,All You Need,All,each,5.82,No,USD,SKU000184
185,Beauty,Beauty,From 5 82,From,each,10.98,No,USD,SKU000185
186,Beauty,Beauty,Pillows Throws,Pillows,each,23.88,No,USD,SKU000186
187,Beauty,Beauty,Better Homes Gardens Violet,Better,each,23.88,No,USD,SKU000187
188,Beauty,Beauty,Better Homes Gardens Ivory,Better,each,57.99,No,USD,SKU000188
189,Beauty,Beauty,Comfort Canopy - Throw,Comfort,each,16.88,No,USD,SKU000189
190,Beauty,Skin & Hair Care,Better Homes Gardens Faux S190,Better,each,16.22,No,USD,SKU000190
191,Beauty,Beauty,Better Homes Gardens 14,Better,each,22.24,No,USD,SKU000191
192,Beauty,Beauty,Better Homes Gardens 20,Better,each,14.98,No,USD,SKU000192
193,Beauty,Beauty,Nourison Life Styles Burgundy,Nourison,each,45.99,No,USD,SKU000193
194,Beauty,Beauty,Better Homes Gardens Bubble,Better,each,18.24,No,USD,SKU000194
195,Beauty,Beauty,Better Homes Gardens Solid,Better,each,17.64,No,USD,SKU000195
196,Beauty,Beauty,Ecothread Heather Velvetloft Soft,Ecothread,each,7.34,No,USD,SKU000196
197,Beauty,Beauty,Luggage Styles You Ll,Luggage,each,75.0,No,USD,SKU000197
198,Beauty,Beauty,From 75,From,each,9.96,No,USD,SKU000198
199,Beauty,Beauty,Starting At 9 96,Starting,each,6.5,No,USD,SKU000199
200,Clothing,Apparel,Top Rated,Top,each,12.97,No,USD,SKU000200
201,Clothing,Apparel,Bluey Bingo Slumber Pups,Bluey,each,5.98,No,USD,SKU000201
202,Clothing,Apparel,Lil' Dude Wipes Extra,Lil',pack of 252,20.92,No,USD,SKU000202
203,Clothing,Apparel,Fisher Fisher-Price Wooden Push,Fisher,each,8.74,No,USD,SKU000203
204,Clothing,Apparel,Blue Lizard Australian Mineral,Blue,14 g,26.97,No,USD,SKU000204
205,Clothing,Apparel,Fisher Fisher-Price Wooden Activity,Fisher,each,26.97,No,USD,SKU000205
206,Clothing,Apparel,Fisher Fisher-Price Wooden Silicone,Fisher,each,79.0,No,USD,SKU000206
207,Clothing,Apparel,Fisher Fisher-Price Kick Play,Fisher,each,4.97,No,USD,SKU000207
208,Beauty,Beauty,Nanit Baby Monitor,Nanit,each,349.99,No,USD,SKU000208
209,Beauty,Beauty,Graco Easyturn 360 2-In-1,Graco,each,419.99,No,USD,SKU000209
210,Beauty,Beauty,Revolve360 Slim 2-In-1 Rotational,Revolve360,each,8.78,No,USD,SKU000210
211,Beauty,Beauty,Graco Turbobooster 2 0,Graco,each,224.99,No,USD,SKU000211
212,Beauty,Beauty,Shop Age,Shop,each,10.0,No,USD,SKU000212
213,Beauty,Beauty,Daycare Clothes Baby,Daycare,each,5.98,No,USD,SKU000213
214,Clothing,Apparel,Wonder Nation Toddler Graphic,Wonder,each,4.57,No,USD,SKU000214
215,Clothing,Apparel,Wonder Nation Toddler Fleece,Wonder,each,9.98,No,USD,SKU000215
216,Beauty,Beauty,Planning Party Start Here,Planning,each,1.48,No,USD,SKU000216
217,Beauty,Beauty,Thank You Greeting Cards,Thank,each,19.99,No,USD,SKU000217
218,Beauty,Beauty,Laribbons 30 X 10,Laribbons,each,21.99,No,USD,SKU000218
219,Beauty,Beauty,American Greetings Birthday Wrapping,American,each,10.0,No,USD,SKU000219
220,Beauty,Beauty,American Greetings 13 Large,American,each,23.99,No,USD,SKU000220
221,Beauty,Beauty,Large Congrats Grad Tote,Large,each,10.0,No,USD,SKU000221
222,Beauty,Beauty,Naler Rainbow Tissue Paper,Naler,each,28.99,No,USD,SKU000222
223,Beauty,Beauty,Birthday Gift Wrap Value,Birthday,each,16.58,No,USD,SKU000223
224,Beauty,Beauty,32 32-Pack Small Gift,32,each,6.99,No,USD,SKU000224
225,Beauty,Beauty,Battle It Out Less,Battle,each,59.88,No,USD,SKU000225
226,Electronics,Gaming,Assassin's Creed Shadows Walmart,Assassin's,each,59.88,No,USD,SKU000226
227,Electronics,Gaming,Isatenan Wireless Controller P4,Isatenan,each,18.99,No,USD,SKU000227
228,Electronics,Gaming,Geekshare Nintendo Switch Game,Geekshare,each,19.99,No,USD,SKU000228
229,Electronics,Gaming,Rechargeable Battery Xbox,Rechargeable,each,10.0,No,USD,SKU000229
230,Electronics,TVs,Metal Wall Mount Nintendo,Metal,each,7.06,No,USD,SKU000230
231,Electronics,Gaming,Grofry 10Pcs Silicone Thumbstick,Grofry,each,16.99,No,USD,SKU000231
232,Electronics,Gaming,Ps5 Slim Cooling Fan,Ps5,each,16.98,No,USD,SKU000232
233,Electronics,Gaming,Ps5 Controller Charger Esywen,Ps5,each,18.04,No,USD,SKU000233
234,Electronics,Gaming,Geekshare Silicone Skin Cover,Geekshare,each,9.49,No,USD,SKU000234
235,Electronics,TVs,Geekshare 4Pcs Nintendo Switch,Geekshare,each,30.53,No,USD,SKU000235
236,Beauty,Beauty,Box Sets,Box,each,7.98,No,USD,SKU000236
237,Beauty,Beauty,Top Authors 7 98,Top,each,11.98,No,USD,SKU000237
238,Beauty,Beauty,Rom Rom-Com Books 11,Rom,each,11.24,No,USD,SKU000238
239,Beauty,Beauty,Favorite Authors,Favorite,each,22.38,No,USD,SKU000239
240,Beauty,Beauty,James Patterson Idaho Four,James,each,14.98,No,USD,SKU000240
241,Beauty,Beauty,Long Live Pumpkin Queen,Long,each,19.31,No,USD,SKU000241
242,Beauty,Beauty,Elle Kennedy Deal Collector,Elle,each,7.98,No,USD,SKU000242
243,Beauty,Beauty,Handsome Devil Deluxe Paperback,Handsome,each,22.38,No,USD,SKU000243
244,Beauty,Beauty,The Pumpkin Spice Café,The,each,14.39,No,USD,SKU000244
245,Beauty,Beauty,Quicksilver Deluxe Limited Hardcover,Quicksilver,each,18.99,No,USD,SKU000245
246,Beauty,Beauty,Kiss Villain Walmart Exclusive,Kiss,each,12.0,No,USD,SKU000246
247,Beauty,Beauty,Fall Away Next Flame,Fall,each,40.0,No,USD,SKU000247
248,Beauty,Beauty,The Untitltled 7845,The,each,24.5,No,USD,SKU000248
249,Beauty,Beauty,Senlinyu: Alchemised Hardcover,Senlinyu:,each,23.09,No,USD,SKU000249
250,Beauty,Beauty,Fourth Wing Wing Claw,Fourth,each,23.09,No,USD,SKU000250
251,Beauty,Beauty,Iron Flame Wing Claw,Iron,each,20.98,No,USD,SKU000251
252,Beauty,Beauty,Fearful: Novella Walmart Exclusive,Fearful:,each,12.99,No,USD,SKU000252
253,Beauty,Beauty,The Fate Magic Deluxe,The,each,11.19,No,USD,SKU000253
254,Beauty,Beauty,Better Than Movies Nothing,Better,each,12.74,No,USD,SKU000254
255,Beauty,Beauty,3 5 Years,3,each,11.98,No,USD,SKU000255
256,Beauty,Beauty,Aphmau: Searching Home,Aphmau:,each,20.98,No,USD,SKU000256
257,Beauty,Beauty,You've Reached Sam Luxe,You've,each,23.09,No,USD,SKU000257
258,Beauty,Beauty,L'Oréal Hand Cream,L'Oréal,75 ml,176.31,No,USD,SKU000258
259,Beauty,Beauty,Dove Hydrating Lotion,Dove,75 ml,0.99,No,USD,SKU000259
260,Beauty,Beauty,Maybelline Body Lotion,Maybelline,2-pack,33.63,No,USD,SKU000260
261,Beauty,Beauty,Garnier Face Cleanser,Garnier,200 ml,0.99,No,USD,SKU000261
262,Beauty,Beauty,Maybelline Body Wash,Maybelline,250 ml,84.76,No,USD,SKU000262
263,Beauty,Beauty,CeraVe Face Cleanser,CeraVe,2-pack,138.47,No,USD,SKU000263
264,Beauty,Beauty,Dove Body Wash,Dove,200 ml,0.99,No,USD,SKU000264
265,Beauty,Beauty,Maybelline Body Lotion 2-pack,Maybelline,2-pack,69.25,No,USD,SKU000265
266,Beauty,Beauty,Neutrogena Hand Cream,Neutrogena,75 ml,239.46,No,USD,SKU000266
267,Beauty,Beauty,Nivea Face Cleanser,Nivea,3-pack,18.64,No,USD,SKU000267
268,Beauty,Beauty,Garnier Hydrating Lotion,Garnier,300 ml,124.81,No,USD,SKU000268
269,Beauty,Beauty,Dove Face Cleanser,Dove,250 ml,133.56,No,USD,SKU000269
270,Beauty,Beauty,CeraVe Hand Cream,CeraVe,300 ml,7.41,No,USD,SKU000270
271,Beauty,Beauty,CeraVe Body Lotion,CeraVe,300 ml,158.33,No,USD,SKU000271
272,Beauty,Beauty,Garnier Hydrating Lotion 100ml,Garnier,100 ml,0.99,No,USD,SKU000272
273,Beauty,Beauty,Neutrogena Body Wash,Neutrogena,250 ml,162.96,No,USD,SKU000273
274,Beauty,Beauty,CeraVe Face Cleanser 250ml,CeraVe,250 ml,0.99,No,USD,SKU000274
275,Beauty,Beauty,The Ordinary Hydrating Lotion,The Ordinary,300 ml,0.99,No,USD,SKU000275
276,Beauty,Beauty,Dove Body Lotion,Dove,2-pack,105.18,No,USD,SKU000276
277,Beauty,Beauty,Nivea Body Wash,Nivea,75 ml,105.84,No,USD,SKU000277
278,Beauty,Beauty,The Ordinary Hydrating Lotion 2-pack,The Ordinary,2-pack,114.6,No,USD,SKU000278
279,Beauty,Beauty,L'Oréal Hand Cream 75ml,L'Oréal,75 ml,0.99,No,USD,SKU000279
280,Beauty,Beauty,Olay Hand Cream,Olay,100 ml,0.99,No,USD,SKU000280
281,Beauty,Beauty,Dove Hydrating Lotion 200ml,Dove,200 ml,275.9,No,USD,SKU000281
282,Beauty,Fragrance,Dove Body Mist,Dove,75 ml,0.99,No,USD,SKU000282
283,Beauty,Fragrance,Dove Eau De Toilette,Dove,2-pack,51.75,No,USD,SKU000283
284,Beauty,Fragrance,Maybelline Eau De Parfum,Maybelline,200 ml,74.79,No,USD,SKU000284
285,Beauty,Fragrance,Maybelline Eau De Parfum 200ml,Maybelline,200 ml,28.91,No,USD,SKU000285
286,Beauty,Fragrance,CeraVe Eau De Toilette,CeraVe,250 ml,0.99,No,USD,SKU000286
287,Beauty,Fragrance,Dove Eau De Toilette 250ml,Dove,250 ml,12.2,No,USD,SKU000287
288,Beauty,Fragrance,The Ordinary Eau De Toilette,The Ordinary,3-pack,71.03,No,USD,SKU000288
289,Beauty,Fragrance,Olay Eau De Toilette,Olay,100 ml,51.59,No,USD,SKU000289
290,Beauty,Fragrance,CeraVe Eau De Parfum,CeraVe,300 ml,62.49,No,USD,SKU000290
291,Beauty,Fragrance,Dove Eau De Toilette S291,Dove,250 ml,32.53,No,USD,SKU000291
292,Beauty,Fragrance,Neutrogena Eau De Toilette,Neutrogena,2-pack,63.6,No,USD,SKU000292
293,Beauty,Fragrance,Garnier Body Mist,Garnier,250 ml,46.26,No,USD,SKU000293
294,Beauty,Fragrance,CeraVe Eau De Toilette 100ml,CeraVe,100 ml,70.12,No,USD,SKU000294
295,Beauty,Fragrance,Cetaphil Eau De Toilette,Cetaphil,300 ml,30.33,No,USD,SKU000295
296,Beauty,Fragrance,Cetaphil Eau De Parfum,Cetaphil,75 ml,0.99,No,USD,SKU000296
297,Beauty,Fragrance,Nivea Eau De Parfum,Nivea,200 ml,9.36,No,USD,SKU000297
298,Beauty,Fragrance,Nivea Body Mist,Nivea,100 ml,31.98,No,USD,SKU000298
299,Beauty,Fragrance,Cetaphil Body Mist,Cetaphil,3-pack,32.78,No,USD,SKU000299
300,Beauty,Fragrance,Olay Body Mist,Olay,2-pack,38.29,No,USD,SKU000300
301,Beauty,Fragrance,Dove Eau De Toilette 200ml,Dove,200 ml,33.41,No,USD,SKU000301
302,Beauty,Fragrance,Neutrogena Eau De Parfum,Neutrogena,75 ml,61.68,No,USD,SKU000302
303,Beauty,Fragrance,Olay Body Mist 75ml,Olay,75 ml,24.09,No,USD,SKU000303
304,Beauty,Fragrance,Dove Body Mist 200ml,Dove,200 ml,26.45,No,USD,SKU000304
305,Beauty,Fragrance,Garnier Eau De Parfum,Garnier,100 ml,46.6,No,USD,SKU000305
306,Beauty,Makeup,Neutrogena Liquid Foundation,Neutrogena,200 ml,7.52,No,USD,SKU000306
307,Beauty,Makeup,Cetaphil Concealer,Cetaphil,300 ml,12.88,No,USD,SKU000307
308,Beauty,Makeup,Neutrogena Liquid Foundation 250ml,Neutrogena,250 ml,13.47,No,USD,SKU000308
309,Beauty,Makeup,Nivea Concealer,Nivea,200 ml,6.8,No,USD,SKU000309
310,Beauty,Makeup,Garnier Volumizing Mascara,Garnier,300 ml,10.25,No,USD,SKU000310
311,Beauty,Makeup,CeraVe Liquid Foundation,CeraVe,300 ml,14.67,No,USD,SKU000311
312,Beauty,Makeup,Olay Volumizing Mascara,Olay,250 ml,7.55,No,USD,SKU000312
313,Beauty,Makeup,CeraVe Liquid Foundation 2-pack,CeraVe,2-pack,15.55,No,USD,SKU000313
314,Beauty,Makeup,Olay Liquid Foundation,Olay,75 ml,13.72,No,USD,SKU000314
315,Beauty,Makeup,Dove Volumizing Mascara,Dove,75 ml,2.73,No,USD,SKU000315
316,Beauty,Makeup,The Ordinary Matte Lipstick,The Ordinary,3-pack,10.14,No,USD,SKU000316
317,Beauty,Makeup,Nivea Eyeshadow Palette,Nivea,100 ml,11.32,No,USD,SKU000317
318,Beauty,Makeup,Nivea Eyeshadow Palette 200ml,Nivea,200 ml,11.25,No,USD,SKU000318
319,Beauty,Makeup,The Ordinary Matte Lipstick 100ml,The Ordinary,100 ml,4.71,No,USD,SKU000319
320,Beauty,Makeup,Cetaphil Concealer 200ml,Cetaphil,200 ml,13.14,No,USD,SKU000320
321,Beauty,Makeup,Olay Concealer,Olay,2-pack,12.49,No,USD,SKU000321
322,Beauty,Makeup,Nivea Volumizing Mascara,Nivea,75 ml,6.82,No,USD,SKU000322
323,Beauty,Makeup,CeraVe Matte Lipstick,CeraVe,200 ml,8.8,No,USD,SKU000323
324,Beauty,Makeup,Maybelline Matte Lipstick,Maybelline,300 ml,15.55,No,USD,SKU000324
325,Beauty,Makeup,The Ordinary Eyeshadow Palette,The Ordinary,300 ml,15.95,No,USD,SKU000325
326,Beauty,Makeup,Cetaphil Matte Lipstick,Cetaphil,75 ml,11.75,No,USD,SKU000326
327,Beauty,Makeup,Maybelline Eyeshadow Palette,Maybelline,3-pack,13.85,No,USD,SKU000327
328,Beauty,Makeup,Maybelline Volumizing Mascara,Maybelline,300 ml,6.42,No,USD,SKU000328
329,Beauty,Makeup,Dove Volumizing Mascara 3-pack,Dove,3-pack,18.74,No,USD,SKU000329
330,Beauty,Skin & Hair Care,The Ordinary Sunscreen Spf 50,The Ordinary,250 ml,76.25,No,USD,SKU000330
331,Beauty,Skin & Hair Care,The Ordinary Hair Mask,The Ordinary,300 ml,71.18,No,USD,SKU000331
332,Beauty,Skin & Hair Care,Nivea Face Serum,Nivea,300 ml,87.15,No,USD,SKU000332
333,Beauty,Skin & Hair Care,Nivea Face Serum 2-pack,Nivea,2-pack,68.42,No,USD,SKU000333
334,Beauty,Skin & Hair Care,L'Oréal Sunscreen Spf 50,L'Oréal,3-pack,180.36,No,USD,SKU000334
335,Beauty,Skin & Hair Care,Olay Shampoo,Olay,2-pack,40.76,No,USD,SKU000335
336,Beauty,Skin & Hair Care,Garnier Shampoo,Garnier,300 ml,0.99,No,USD,SKU000336
337,Beauty,Skin & Hair Care,Maybelline Conditioner,Maybelline,300 ml,103.51,No,USD,SKU000337
338,Beauty,Skin & Hair Care,Nivea Sunscreen Spf 50,Nivea,100 ml,41.98,No,USD,SKU000338
339,Beauty,Skin & Hair Care,Maybelline Sunscreen Spf 50,Maybelline,200 ml,161.79,No,USD,SKU000339
340,Beauty,Skin & Hair Care,Olay Shampoo 200ml,Olay,200 ml,0.99,No,USD,SKU000340
341,Beauty,Skin & Hair Care,Cetaphil Conditioner,Cetaphil,100 ml,0.99,No,USD,SKU000341
342,Beauty,Skin & Hair Care,Garnier Hair Mask,Garnier,300 ml,28.96,No,USD,SKU000342
343,Beauty,Skin & Hair Care,Neutrogena Shampoo,Neutrogena,2-pack,0.99,No,USD,SKU000343
344,Beauty,Skin & Hair Care,The Ordinary Shampoo,The Ordinary,100 ml,91.7,No,USD,SKU000344
345,Beauty,Skin & Hair Care,Neutrogena Shampoo 300ml,Neutrogena,300 ml,29.46,No,USD,SKU000345
346,Beauty,Skin & Hair Care,Neutrogena Hair Mask,Neutrogena,100 ml,156.45,No,USD,SKU000346
347,Beauty,Skin & Hair Care,Cetaphil Hair Mask,Cetaphil,300 ml,1.37,No,USD,SKU000347
348,Beauty,Skin & Hair Care,Dove Shampoo,Dove,75 ml,67.91,No,USD,SKU000348
349,Beauty,Skin & Hair Care,Maybelline Sunscreen Spf 50 200ml,Maybelline,200 ml,61.35,No,USD,SKU000349
350,Beauty,Skin & Hair Care,Garnier Hair Mask 200ml,Garnier,200 ml,197.59,No,USD,SKU000350
351,Beauty,Skin & Hair Care,CeraVe Shampoo,CeraVe,3-pack,32.53,No,USD,SKU000351
352,Beauty,Skin & Hair Care,Dove Hair Mask,Dove,75 ml,78.52,No,USD,SKU000352
353,Beauty,Skin & Hair Care,Garnier Face Serum,Garnier,200 ml,0.99,No,USD,SKU000353
354,Beauty,Makeup,Olay Matte Lipstick,Olay,2-pack,2.67,No,USD,SKU000354
355,Beauty,Fragrance,Maybelline Eau De Parfum 2-pack,Maybelline,2-pack,26.45,No,USD,SKU000355
356,Clothing,Apparel,Hanes Slim-Fit Jeans,Hanes,5-pack,29.26,No,USD,SKU000258
357,Clothing,Apparel,Wrangler Athletic Shorts,Wrangler,5-pack,0.99,No,USD,SKU000259
358,Clothing,Apparel,Champion Crewneck Sweatshirt,Champion,M,0.99,No,USD,SKU000260
359,Clothing,Apparel,Fruit of the Loom Athletic,Fruit of the Loom,3-pack,241.17,No,USD,SKU000261
360,Clothing,Apparel,Puma Cotton T-Shirt,Puma,XL,60.05,No,USD,SKU000262
361,Clothing,Apparel,Champion Crewneck Sweatshirt 3-pack,Champion,3-pack,0.99,No,USD,SKU000263
362,Clothing,Apparel,Skechers Cotton T-Shirt,Skechers,5-pack,66.63,No,USD,SKU000264
363,Clothing,Apparel,Skechers Cotton T-Shirt M,Skechers,M,26.46,No,USD,SKU000265
364,Clothing,Apparel,Wrangler Cotton T-Shirt,Wrangler,XL,17.09,No,USD,SKU000266
365,Clothing,Apparel,George Crewneck Sweatshirt,George,M,0.99,No,USD,SKU000267
366,Clothing,Apparel,Wrangler Chino Pants,Wrangler,XL,46.9,No,USD,SKU000268
367,Clothing,Apparel,Adidas Puffer Jacket,Adidas,L,39.67,No,USD,SKU000269
368,Clothing,Apparel,Nike Athletic Shorts,Nike,3-pack,58.28,No,USD,SKU000270
369,Clothing,Apparel,Puma Slim-Fit Jeans,Puma,M,234.74,No,USD,SKU000271
370,Clothing,Apparel,Fruit of the Loom Crewneck,Fruit of the Loom,XXL,63.18,No,USD,SKU000272
371,Clothing,Apparel,Champion Crewneck Sweatshirt S,Champion,S,0.99,No,USD,SKU000273
372,Clothing,Apparel,George Athletic Shorts,George,S,69.84,No,USD,SKU000274
373,Clothing,Apparel,George Puffer Jacket,George,S,101.44,No,USD,SKU000275
374,Clothing,Apparel,Puma Athletic Shorts,Puma,M,2.6,No,USD,SKU000276
375,Clothing,Apparel,Skechers Chino Pants,Skechers,3-pack,39.62,No,USD,SKU000277
376,Clothing,Apparel,Adidas Puffer Jacket 3-pack,Adidas,3-pack,18.11,No,USD,SKU000278
377,Clothing,Apparel,Hanes Crewneck Sweatshirt,Hanes,XL,139.88,No,USD,SKU000279
378,Clothing,Apparel,Puma Slim-Fit Jeans 3-pack,Puma,3-pack,48.39,No,USD,SKU000280
379,Clothing,Apparel,Levi's Crewneck Sweatshirt,Levi's,M,9.64,No,USD,SKU000281
380,Clothing,Apparel,Wrangler Slim-Fit Jeans,Wrangler,M,157.96,No,USD,SKU000282
381,Clothing,Apparel,Wrangler Slim-Fit Jeans L,Wrangler,L,96.95,No,USD,SKU000283
382,Clothing,Apparel,Nike Crewneck Sweatshirt,Nike,XL,0.99,No,USD,SKU000284
383,Clothing,Apparel,Levi's Crewneck Sweatshirt L,Levi's,L,127.77,No,USD,SKU000285
384,Clothing,Apparel,Adidas Athletic Shorts,Adidas,3-pack,119.1,No,USD,SKU000286
385,Clothing,Apparel,Wrangler Slim-Fit Jeans XL,Wrangler,XL,159.13,No,USD,SKU000287
386,Clothing,Apparel,Wrangler Chino Pants M,Wrangler,M,14.96,No,USD,SKU000288
387,Clothing,Apparel,Puma Puffer Jacket,Puma,XXL,0.99,No,USD,SKU000289
388,Clothing,Apparel,Hanes Puffer Jacket,Hanes,S,91.19,No,USD,SKU000290
389,Clothing,Apparel,Fruit of the Loom Chino,Fruit of the Loom,5-pack,40.89,No,USD,SKU000291
390,Clothing,Apparel,Skechers Chino Pants XXL,Skechers,XXL,164.55,No,USD,SKU000292
391,Clothing,Apparel,George Chino Pants,George,S,0.99,No,USD,SKU000293
392,Clothing,Apparel,Nike Cotton T-Shirt,Nike,5-pack,0.99,No,USD,SKU000294
393,Clothing,Apparel,Skechers Slim-Fit Jeans,Skechers,XXL,80.96,No,USD,SKU000295
394,Clothing,Apparel,Skechers Puffer Jacket,Skechers,5-pack,38.23,No,USD,SKU000296
395,Clothing,Apparel,Skechers Puffer Jacket XXL,Skechers,XXL,0.99,No,USD,SKU000297
396,Clothing,Apparel,Champion Chino Pants,Champion,M,117.54,No,USD,SKU000298
397,Clothing,Apparel,Hanes Cotton T-Shirt,Hanes,XXL,0.99,No,USD,SKU000299
398,Clothing,Apparel,Adidas Chino Pants,Adidas,3-pack,65.16,No,USD,SKU000300
399,Clothing,Apparel,Nike Chino Pants,Nike,XL,0.99,No,USD,SKU000301
400,Clothing,Apparel,Hanes Athletic Shorts,Hanes,3-pack,0.99,No,USD,SKU000302
401,Clothing,Apparel,Hanes Puffer Jacket S,Hanes,S,61.94,No,USD,SKU000303
402,Clothing,Apparel,Nike Slim-Fit Jeans,Nike,5-pack,93.41,No,USD,SKU000304
403,Clothing,Apparel,Nike Puffer Jacket,Nike,L,52.37,No,USD,SKU000305
404,Clothing,Apparel,Puma Puffer Jacket XXL,Puma,XXL,0.99,No,USD,SKU000306
405,Clothing,Apparel,Fruit of the Loom L,Fruit of the Loom,L,25.14,No,USD,SKU000307
406,Clothing,Apparel,Skechers Cotton T-Shirt S,Skechers,S,0.99,No,USD,SKU000308
407,Clothing,Apparel,Skechers Puffer Jacket L,Skechers,L,140.59,No,USD,SKU000309
408,Clothing,Apparel,Hanes Chino Pants,Hanes,5-pack,50.21,No,USD,SKU000310
409,Clothing,Apparel,Skechers Chino Pants XL,Skechers,XL,36.72,No,USD,SKU000311
410,Clothing,Apparel,Adidas Athletic Shorts S,Adidas,S,95.39,No,USD,SKU000312
411,Clothing,Apparel,Nike Slim-Fit Jeans S,Nike,S,200.37,No,USD,SKU000313
412,Clothing,Apparel,Puma Chino Pants,Puma,S,149.26,No,USD,SKU000314
413,Clothing,Apparel,Hanes Cotton T-Shirt XXL,Hanes,XXL,43.54,No,USD,SKU000315
414,Clothing,Apparel,George Slim-Fit Jeans,George,3-pack,0.99,No,USD,SKU000316
415,Clothing,Apparel,Puma Athletic Shorts XL,Puma,XL,0.99,No,USD,SKU000317
416,Clothing,Apparel,George Crewneck Sweatshirt XL,George,XL,55.44,No,USD,SKU000318
417,Clothing,Apparel,Skechers Chino Pants S,Skechers,S,0.99,No,USD,SKU000319
418,Clothing,Apparel,George Athletic Shorts XXL,George,XXL,68.37,No,USD,SKU000320
419,Clothing,Apparel,Fruit of the Loom Cotton,Fruit of the Loom,S,45.68,No,USD,SKU000321
420,Clothing,Apparel,Adidas Cotton T-Shirt,Adidas,XXL,73.37,No,USD,SKU000322
421,Clothing,Apparel,Puma Crewneck Sweatshirt,Puma,M,23.23,No,USD,SKU000323
422,Clothing,Apparel,Puma Puffer Jacket 3-pack,Puma,3-pack,8.1,No,USD,SKU000324
423,Clothing,Apparel,Hanes Crewneck Sweatshirt XXL,Hanes,XXL,17.13,No,USD,SKU000325
424,Clothing,Apparel,George Cotton T-Shirt,George,M,0.99,No,USD,SKU000326
425,Clothing,Apparel,George Athletic Shorts 3-pack,George,3-pack,0.99,No,USD,SKU000327
426,Clothing,Apparel,Fruit of the Loom M,Fruit of the Loom,M,88.87,No,USD,SKU000328
427,Clothing,Apparel,George Athletic Shorts 5-pack,George,5-pack,49.89,No,USD,SKU000329
428,Clothing,Apparel,Puma Puffer Jacket S330,Puma,3-pack,31.03,No,USD,SKU000330
429,Clothing,Apparel,Puma Cotton T-Shirt S,Puma,S,28.99,No,USD,SKU000331
430,Clothing,Footwear,Champion Slip-On Shoes,Champion,XL,24.41,No,USD,SKU000332
431,Clothing,Footwear,Adidas Hiking Boots,Adidas,M,11.68,No,USD,SKU000333
432,Clothing,Footwear,George Running Shoes,George,S,56.9,No,USD,SKU000334
433,Clothing,Footwear,Fruit of the Loom Hiking,Fruit of the Loom,5-pack,13.62,No,USD,SKU000335
434,Clothing,Footwear,Champion Running Shoes,Champion,S,50.39,No,USD,SKU000336
435,Clothing,Footwear,Adidas Casual Sneakers,Adidas,5-pack,4.74,No,USD,SKU000337
436,Clothing,Footwear,Wrangler Running Shoes,Wrangler,L,30.42,No,USD,SKU000338
437,Clothing,Footwear,George Casual Sneakers,George,5-pack,28.04,No,USD,SKU000339
438,Clothing,Footwear,Champion Slip-On Shoes M,Champion,M,47.5,No,USD,SKU000340
439,Clothing,Footwear,Adidas Hiking Boots M,Adidas,M,67.14,No,USD,SKU000341
440,Clothing,Footwear,Champion Casual Sneakers,Champion,L,62.12,No,USD,SKU000342
441,Clothing,Footwear,Champion Casual Sneakers XXL,Champion,XXL,63.06,No,USD,SKU000343
442,Clothing,Footwear,Hanes Running Shoes,Hanes,XL,47.9,No,USD,SKU000344
443,Clothing,Footwear,Champion Sandals,Champion,XL,82.11,No,USD,SKU000345
444,Clothing,Footwear,Skechers Running Shoes,Skechers,5-pack,62.3,No,USD,SKU000346
445,Clothing,Footwear,Fruit of the Loom Slip-On,Fruit of the Loom,L,47.58,No,USD,SKU000347
446,Clothing,Footwear,Wrangler Slip-On Shoes,Wrangler,5-pack,24.49,No,USD,SKU000348
447,Clothing,Footwear,Wrangler Sandals,Wrangler,M,0.99,No,USD,SKU000349
448,Clothing,Footwear,Adidas Casual Sneakers 5-pack,Adidas,5-pack,35.19,No,USD,SKU000350
449,Clothing,Footwear,George Hiking Boots,George,XL,62.89,No,USD,SKU000351
450,Clothing,Footwear,George Hiking Boots L,George,L,32.93,No,USD,SKU000352
451,Clothing,Footwear,Champion Hiking Boots,Champion,XXL,44.66,No,USD,SKU000353
452,Clothing,Footwear,Adidas Casual Sneakers M,Adidas,M,62.05,No,USD,SKU000354
453,Clothing,Footwear,Nike Running Shoes,Nike,XL,41.12,No,USD,SKU000355
454,Clothing,Footwear,Champion Casual Sneakers 5-pack,Champion,5-pack,69.37,No,USD,SKU000356
455,Clothing,Footwear,Champion Hiking Boots 5-pack,Champion,5-pack,52.49,No,USD,SKU000357
456,Clothing,Footwear,Puma Hiking Boots,Puma,3-pack,25.56,No,USD,SKU000358
457,Clothing,Footwear,Champion Casual Sneakers L,Champion,L,24.13,No,USD,SKU000359
458,Clothing,Footwear,Levi's Hiking Boots,Levi's,S,54.17,No,USD,SKU000360
459,Clothing,Footwear,Hanes Sandals,Hanes,3-pack,48.25,No,USD,SKU000361
460,Clothing,Footwear,George Casual Sneakers XL,George,XL,34.88,No,USD,SKU000362
461,Clothing,Footwear,Levi's Slip-On Shoes,Levi's,L,4.73,No,USD,SKU000363
462,Clothing,Footwear,Skechers Running Shoes XL,Skechers,XL,11.39,No,USD,SKU000364
463,Clothing,Footwear,Puma Hiking Boots L,Puma,L,58.71,No,USD,SKU000365
464,Clothing,Footwear,Fruit of the Loom XXL,Fruit of the Loom,XXL,0.99,No,USD,SKU000366
465,Clothing,Footwear,Hanes Hiking Boots,Hanes,5-pack,88.91,No,USD,SKU000367
466,Clothing,Footwear,Wrangler Slip-On Shoes L,Wrangler,L,50.2,No,USD,SKU000368
467,Clothing,Footwear,Levi's Running Shoes,Levi's,XXL,35.1,No,USD,SKU000369
468,Clothing,Footwear,Skechers Slip-On Shoes,Skechers,L,56.65,No,USD,SKU000370
469,Clothing,Footwear,George Slip-On Shoes,George,XL,54.22,No,USD,SKU000371
470,Clothing,Footwear,Nike Running Shoes L,Nike,L,73.24,No,USD,SKU000372
471,Clothing,Footwear,Puma Sandals,Puma,XL,23.41,No,USD,SKU000373
472,Clothing,Footwear,Puma Sandals XXL,Puma,XXL,68.78,No,USD,SKU000374
473,Clothing,Footwear,Hanes Sandals L,Hanes,L,69.8,No,USD,SKU000375
474,Clothing,Footwear,Puma Slip-On Shoes,Puma,S,71.97,No,USD,SKU000376
475,Clothing,Footwear,Wrangler Sandals M,Wrangler,M,22.36,No,USD,SKU000377
476,Clothing,Footwear,Fruit of the Loom Sandals,Fruit of the Loom,5-pack,9.99,No,USD,SKU000378
477,Clothing,Footwear,George Running Shoes L,George,L,30.32,No,USD,SKU000379
478,Clothing,Footwear,Skechers Hiking Boots,Skechers,3-pack,25.42,No,USD,SKU000380
479,Clothing,Footwear,Wrangler Casual Sneakers,Wrangler,M,24.63,No,USD,SKU000381
480,Clothing,Footwear,Puma Slip-On Shoes XL,Puma,XL,35.97,No,USD,SKU000382
481,Clothing,Footwear,Adidas Slip-On Shoes,Adidas,3-pack,45.02,No,USD,SKU000383
482,Clothing,Footwear,Nike Casual Sneakers,Nike,3-pack,54.11,No,USD,SKU000384
483,Clothing,Footwear,Champion Sandals 3-pack,Champion,3-pack,52.01,No,USD,SKU000385
484,Clothing,Footwear,Champion Slip-On Shoes XXL,Champion,XXL,39.27,No,USD,SKU000386
485,Clothing,Footwear,Puma Hiking Boots 5-pack,Puma,5-pack,26.07,No,USD,SKU000387
486,Clothing,Footwear,Hanes Sandals S388,Hanes,L,23.39,No,USD,SKU000388
487,Clothing,Footwear,Levi's Running Shoes L,Levi's,L,47.61,No,USD,SKU000389
488,Clothing,Footwear,Adidas Slip-On Shoes L,Adidas,L,58.81,No,USD,SKU000390
489,Clothing,Footwear,Hanes Casual Sneakers,Hanes,M,37.83,No,USD,SKU000391
490,Clothing,Footwear,Adidas Sandals,Adidas,XXL,44.71,No,USD,SKU000392
491,Clothing,Footwear,Wrangler Running Shoes XXL,Wrangler,XXL,39.64,No,USD,SKU000393
492,Clothing,Footwear,Wrangler Casual Sneakers M,Wrangler,M,44.75,No,USD,SKU000394
493,Clothing,Footwear,Nike Slip-On Shoes,Nike,5-pack,67.45,No,USD,SKU000395
494,Clothing,Footwear,Puma Hiking Boots S396,Puma,5-pack,48.19,No,USD,SKU000396
495,Clothing,Footwear,Nike Hiking Boots,Nike,3-pack,18.1,No,USD,SKU000397
496,Clothing,Footwear,Adidas Slip-On Shoes XL,Adidas,XL,55.13,No,USD,SKU000398
497,Clothing,Footwear,Puma Hiking Boots 3-pack,Puma,3-pack,17.69,No,USD,SKU000399
498,Clothing,Footwear,Adidas Hiking Boots 5-pack,Adidas,5-pack,72.89,No,USD,SKU000400
499,Clothing,Footwear,Adidas Running Shoes,Adidas,5-pack,45.92,No,USD,SKU000401
500,Clothing,Footwear,Puma Slip-On Shoes 5-pack,Puma,5-pack,32.6,No,USD,SKU000402
501,Clothing,Footwear,Nike Running Shoes S,Nike,S,15.63,No,USD,SKU000403
502,Clothing,Footwear,Champion Slip-On Shoes 5-pack,Champion,5-pack,57.08,No,USD,SKU000404
503,Clothing,Footwear,Wrangler Sandals XL,Wrangler,XL,5.85,No,USD,SKU000405
504,Clothing,Footwear,Fruit of the Loom S406,Fruit of the Loom,L,29.56,No,USD,SKU000406
505,Electronics,TVs,Samsung 4K Smart Tv,Samsung,128 GB,18.35,No,USD,SKU000258
506,Electronics,TVs,Sony Roku Smart Tv,Sony,65 inch,82.86,No,USD,SKU000259
507,Electronics,TVs,Nintendo 4K Smart Tv,Nintendo,55 inch,88.2,No,USD,SKU000260
508,Electronics,TVs,HP 4K Smart Tv,HP,1 TB,0.99,No,USD,SKU000261
509,Electronics,TVs,TCL Oled Tv,TCL,512 GB,8.24,No,USD,SKU000262
510,Electronics,TVs,Vizio Oled Tv,Vizio,65 inch,70.58,No,USD,SKU000263
511,Electronics,TVs,Vizio Roku Smart Tv,Vizio,43 inch,142.51,No,USD,SKU000264
512,Electronics,TVs,Sony Roku Smart Tv 65inch,Sony,65 inch,72.2,No,USD,SKU000265
513,Electronics,TVs,Samsung Qled Tv,Samsung,256 GB,84.23,No,USD,SKU000266
514,Electronics,TVs,Vizio Qled Tv,Vizio,256 GB,137.24,No,USD,SKU000267
515,Electronics,TVs,Nintendo Qled Tv,Nintendo,43 inch,0.99,No,USD,SKU000268
516,Electronics,TVs,Dell Qled Tv,Dell,512 GB,32.11,No,USD,SKU000269
517,Electronics,TVs,Nintendo Oled Tv,Nintendo,128 GB,37.74,No,USD,SKU000270
518,Electronics,TVs,LG Qled Tv,LG,128 GB,0.99,No,USD,SKU000271
519,Electronics,TVs,Nintendo Oled Tv 32inch,Nintendo,32 inch,87.4,No,USD,SKU000272
520,Electronics,TVs,HP Oled Tv,HP,65 inch,178.28,No,USD,SKU000273
521,Electronics,TVs,Vizio Oled Tv 55inch,Vizio,55 inch,36.15,No,USD,SKU000274
522,Electronics,TVs,Dell 4K Smart Tv,Dell,32 inch,0.99,No,USD,SKU000275
523,Electronics,TVs,Lenovo 4K Smart Tv,Lenovo,65 inch,32.99,No,USD,SKU000276
524,Electronics,TVs,Sony Qled Tv,Sony,55 inch,155.4,No,USD,SKU000277
525,Electronics,TVs,LG 4K Smart Tv,LG,32 inch,91.13,No,USD,SKU000278
526,Electronics,TVs,Lenovo 4K Smart Tv 55inch,Lenovo,55 inch,66.76,No,USD,SKU000279
527,Electronics,TVs,HP Roku Smart Tv,HP,55 inch,36.95,No,USD,SKU000280
528,Electronics,Electronics,Nintendo External Ssd,Nintendo,1 TB,0.99,No,USD,SKU000281
529,Electronics,Electronics,Vizio External Ssd,Vizio,55 inch,85.41,No,USD,SKU000282
530,Electronics,Electronics,HP Bluetooth Speaker,HP,128 GB,162.02,No,USD,SKU000283
531,Electronics,Electronics,Apple Bluetooth Speaker,Apple,128 GB,0.99,No,USD,SKU000284
532,Electronics,Electronics,Sony Wireless Earbuds,Sony,128 GB,0.99,No,USD,SKU000285
533,Electronics,Electronics,TCL External Ssd,TCL,43 inch,210.1,No,USD,SKU000286
534,Electronics,Electronics,LG Laptop,LG,55 inch,148.85,No,USD,SKU000287
535,Electronics,Electronics,Nintendo Laptop,Nintendo,128 GB,149.2,No,USD,SKU000288
536,Electronics,Electronics,Lenovo Router,Lenovo,256 GB,181.46,No,USD,SKU000289
537,Electronics,Electronics,HP External Ssd,HP,1 TB,25.65,No,USD,SKU000290
538,Electronics,Electronics,Sony External Ssd,Sony,256 GB,37.32,No,USD,SKU000291
539,Electronics,Electronics,Nintendo Wireless Earbuds,Nintendo,43 inch,203.99,No,USD,SKU000292
540,Electronics,Electronics,Apple Laptop,Apple,65 inch,38.77,No,USD,SKU000293
541,Electronics,Electronics,TCL Router,TCL,128 GB,63.1,No,USD,SKU000294
542,Electronics,Electronics,LG Laptop 1TB,LG,1 TB,0.99,No,USD,SKU000295
543,Electronics,Electronics,Microsoft Bluetooth Speaker,Microsoft,32 inch,0.99,No,USD,SKU000296
544,Electronics,Electronics,Lenovo Laptop,Lenovo,1 TB,69.17,No,USD,SKU000297
545,Electronics,Electronics,Dell Router,Dell,55 inch,63.19,No,USD,SKU000298
546,Electronics,Electronics,Nintendo Laptop 256GB,Nintendo,256 GB,239.1,No,USD,SKU000299
547,Electronics,Electronics,HP External Ssd 256GB,HP,256 GB,0.99,No,USD,SKU000300
548,Electronics,Electronics,Microsoft Bluetooth Speaker 65inch,Microsoft,65 inch,184.51,No,USD,SKU000301
549,Electronics,Electronics,HP Laptop,HP,32 inch,191.87,No,USD,SKU000302
550,Electronics,Electronics,HP External Ssd 43inch,HP,43 inch,67.87,No,USD,SKU000303
551,Electronics,Wearables,Samsung Smartwatch,Samsung,65 inch,0.99,No,USD,SKU000304
552,Electronics,Wearables,HP Fitness Tracker,HP,128 GB,0.99,No,USD,SKU000305
553,Electronics,Wearables,Vizio Fitness Tracker,Vizio,55 inch,221.66,No,USD,SKU000306
554,Electronics,Wearables,Lenovo Smartwatch,Lenovo,1 TB,0.99,No,USD,SKU000307
555,Electronics,Wearables,Dell Fitness Tracker,Dell,43 inch,120.53,No,USD,SKU000308
556,Electronics,Wearables,Sony Sport Band,Sony,65 inch,0.99,No,USD,SKU000309
557,Electronics,Wearables,Samsung Sport Band,Samsung,256 GB,93.7,No,USD,SKU000310
558,Electronics,Wearables,Lenovo Smartwatch 55inch,Lenovo,55 inch,120.0,No,USD,SKU000311
559,Electronics,Wearables,LG Smartwatch,LG,32 inch,179.76,No,USD,SKU000312
560,Electronics,Wearables,Vizio Smartwatch,Vizio,43 inch,0.99,No,USD,SKU000313
561,Electronics,Wearables,LG Fitness Tracker,LG,43 inch,228.8,No,USD,SKU000314
562,Electronics,Wearables,Sony Fitness Tracker,Sony,256 GB,98.58,No,USD,SKU000315
563,Electronics,Wearables,Nintendo Smartwatch,Nintendo,512 GB,301.75,No,USD,SKU000316
564,Electronics,Wearables,Dell Smartwatch,Dell,1 TB,0.99,No,USD,SKU000317
565,Electronics,Wearables,Vizio Smartwatch 55inch,Vizio,55 inch,50.93,No,USD,SKU000318
566,Electronics,Wearables,Lenovo Fitness Tracker,Lenovo,1 TB,300.26,No,USD,SKU000319
567,Electronics,Wearables,Lenovo Smartwatch S320,Lenovo,55 inch,0.99,No,USD,SKU000320
568,Electronics,Wearables,LG Smartwatch 128GB,LG,128 GB,139.66,No,USD,SKU000321
569,Electronics,Wearables,Vizio Smartwatch 43inch,Vizio,43 inch,162.73,No,USD,SKU000322
570,Electronics,Wearables,Lenovo Smartwatch 512GB,Lenovo,512 GB,127.49,No,USD,SKU000323
571,Electronics,Wearables,Samsung Sport Band 55inch,Samsung,55 inch,96.73,No,USD,SKU000324
572,Electronics,Wearables,TCL Smartwatch,TCL,256 GB,287.9,No,USD,SKU000325
573,Electronics,Wearables,TCL Smartwatch 256GB,TCL,256 GB,249.31,No,USD,SKU000326
574,Electronics,Gaming,LG Dock,LG,43 inch,48.56,No,USD,SKU000327
575,Electronics,Gaming,Lenovo Dock,Lenovo,43 inch,0.99,No,USD,SKU000328
576,Electronics,Gaming,Samsung Wireless Controller,Samsung,512 GB,0.99,No,USD,SKU000329
577,Electronics,Gaming,Dell Gaming Headset,Dell,32 inch,41.19,No,USD,SKU000330
578,Electronics,Gaming,Lenovo Dock 128GB,Lenovo,128 GB,48.51,No,USD,SKU000331
579,Electronics,Gaming,Lenovo Console Stand,Lenovo,1 TB,51.15,No,USD,SKU000332
580,Electronics,Gaming,HP Console Stand,HP,43 inch,35.46,No,USD,SKU000333
581,Electronics,Gaming,Lenovo Console Stand 32inch,Lenovo,32 inch,0.99,No,USD,SKU000334
582,Electronics,Gaming,LG Gaming Headset,LG,55 inch,0.99,No,USD,SKU000335
583,Electronics,Gaming,TCL Wireless Controller,TCL,32 inch,127.57,No,USD,SKU000336
584,Electronics,Gaming,LG Wireless Controller,LG,512 GB,50.72,No,USD,SKU000337
585,Electronics,Gaming,Nintendo Console Stand,Nintendo,128 GB,0.99,No,USD,SKU000338
586,Electronics,Gaming,Dell Gaming Headset 512GB,Dell,512 GB,151.0,No,USD,SKU000339
587,Electronics,Gaming,TCL Dock,TCL,128 GB,36.97,No,USD,SKU000340
588,Electronics,Gaming,TCL Dock 43inch,TCL,43 inch,65.04,No,USD,SKU000341
589,Electronics,Gaming,HP Dock,HP,32 inch,1.18,No,USD,SKU000342
590,Electronics,Gaming,Apple Console Stand,Apple,65 inch,0.99,No,USD,SKU000343
591,Electronics,Gaming,HP Dock 1TB,HP,1 TB,15.31,No,USD,SKU000344
592,Electronics,Gaming,LG Console Stand,LG,65 inch,0.99,No,USD,SKU000345
593,Electronics,Gaming,LG Gaming Headset 43inch,LG,43 inch,163.08,No,USD,SKU000346
594,Electronics,Gaming,Microsoft Dock,Microsoft,1 TB,0.99,No,USD,SKU000347
595,Electronics,Gaming,Microsoft Gaming Headset,Microsoft,65 inch,0.99,No,USD,SKU000348
596,Electronics,Gaming,TCL Dock 256GB,TCL,256 GB,38.15,No,USD,SKU000349
597,Electronics,Phones & Tablets,HP Android Phone,HP,256 GB,0.99,No,USD,SKU000350
598,Electronics,Phones & Tablets,Dell Ipad,Dell,1 TB,0.99,No,USD,SKU000351
599,Electronics,Phones & Tablets,Lenovo Ipad,Lenovo,1 TB,9.9,No,USD,SKU000352
600,Electronics,Phones & Tablets,Nintendo Ipad,Nintendo,128 GB,514.82,No,USD,SKU000353
601,Electronics,Phones & Tablets,LG Ios Phone,LG,256 GB,106.45,No,USD,SKU000354
602,Electronics,Phones & Tablets,Sony Ipad,Sony,1 TB,590.37,No,USD,SKU000355
603,Electronics,Phones & Tablets,HP Ipad,HP,1 TB,214.6,No,USD,SKU000356
604,Electronics,Phones & Tablets,Lenovo Ios Phone,Lenovo,55 inch,381.39,No,USD,SKU000357
605,Electronics,Phones & Tablets,Lenovo Ios Phone 65inch,Lenovo,65 inch,408.65,No,USD,SKU000358
606,Electronics,Phones & Tablets,Lenovo Ipad 128GB,Lenovo,128 GB,394.66,No,USD,SKU000359
607,Electronics,Phones & Tablets,Dell Ios Phone,Dell,65 inch,248.76,No,USD,SKU000360
608,Electronics,Phones & Tablets,Vizio Android Phone,Vizio,55 inch,282.66,No,USD,SKU000361
609,Electronics,Phones & Tablets,LG Android Phone,LG,55 inch,338.61,No,USD,SKU000362
610,Electronics,Phones & Tablets,TCL Android Phone,TCL,43 inch,170.72,No,USD,SKU000363
611,Electronics,Phones & Tablets,LG Android Tablet,LG,1 TB,23.65,No,USD,SKU000364
612,Electronics,Phones & Tablets,Dell Android Phone,Dell,1 TB,90.01,No,USD,SKU000365
613,Electronics,Phones & Tablets,Sony Android Phone,Sony,65 inch,173.46,No,USD,SKU000366
614,Electronics,Phones & Tablets,LG Android Phone 32inch,LG,32 inch,351.98,No,USD,SKU000367
615,Electronics,Phones & Tablets,Dell Android Phone 256GB,Dell,256 GB,0.99,No,USD,SKU000368
616,Electronics,Phones & Tablets,Nintendo Android Phone,Nintendo,43 inch,133.08,No,USD,SKU000369
617,Electronics,Phones & Tablets,Sony Ios Phone,Sony,512 GB,177.77,No,USD,SKU000370
618,Electronics,Phones & Tablets,Vizio Ipad,Vizio,32 inch,0.99,No,USD,SKU000371
619,Electronics,Phones & Tablets,Microsoft Ios Phone,Microsoft,1 TB,0.99,No,USD,SKU000372
620,Electronics,Gaming,HP Wireless Controller,HP,43 inch,147.59,No,USD,SKU000373
621,Electronics,Wearables,Lenovo Smartwatch 65inch,Lenovo,65 inch,0.99,No,USD,SKU000374
622,Electronics,Electronics,Vizio Wireless Earbuds,Vizio,128 GB,20.7,No,USD,SKU000375
623,Grocery,Frozen,Kellogg's Veggie Pizza,Kellogg's,1 kg,52.68,Yes,USD,SKU000258
624,Grocery,Frozen,Kellogg's Frozen Berries,Kellogg's,1.5 L,0.99,Yes,USD,SKU000259
625,Grocery,Frozen,Coca-Cola Ice Cream,Coca-Cola,1.5 L,0.99,Yes,USD,SKU000260
626,Grocery,Frozen,Barilla Mixed Vegetables,Barilla,500 g,80.39,Yes,USD,SKU000261
627,Grocery,Frozen,Quaker Veggie Pizza,Quaker,1 kg,0.99,Yes,USD,SKU000262
628,Grocery,Frozen,PepsiCo Veggie Pizza,PepsiCo,1 kg,0.99,Yes,USD,SKU000263
629,Grocery,Frozen,Barilla Chicken Nuggets,Barilla,1 kg,0.99,Yes,USD,SKU000264
630,Grocery,Frozen,Heinz Veggie Pizza,Heinz,750 ml,198.97,Yes,USD,SKU000265
631,Grocery,Frozen,PepsiCo Veggie Pizza 1kg,PepsiCo,1 kg,271.81,Yes,USD,SKU000266
632,Grocery,Frozen,Kellogg's Frozen Berries 750ml,Kellogg's,750 ml,0.99,Yes,USD,SKU000267
633,Grocery,Frozen,Barilla Mixed Vegetables 355ml,Barilla,355 ml,335.23,Yes,USD,SKU000268
634,Grocery,Frozen,Nestlé Chicken Nuggets,Nestlé,1.5 L,0.99,Yes,USD,SKU000269
635,Grocery,Frozen,Kellogg's Veggie Pizza 24-pack,Kellogg's,24-pack,8.87,Yes,USD,SKU000270
636,Grocery,Frozen,Nestlé Mixed Vegetables,Nestlé,1 kg,76.63,Yes,USD,SKU000271
637,Grocery,Frozen,PepsiCo Chicken Nuggets,PepsiCo,355 ml,66.08,Yes,USD,SKU000272
638,Grocery,Frozen,Nestlé Veggie Pizza,Nestlé,1.5 L,180.88,Yes,USD,SKU000273
639,Grocery,Frozen,Kellogg's Veggie Pizza 355ml,Kellogg's,355 ml,383.13,Yes,USD,SKU000274
640,Grocery,Frozen,Kellogg's Veggie Pizza 1.5L,Kellogg's,1.5 L,0.99,Yes,USD,SKU000275
641,Grocery,Frozen,Coca-Cola Veggie Pizza,Coca-Cola,1 kg,263.86,Yes,USD,SKU000276
642,Grocery,Frozen,Nestlé Veggie Pizza 1kg,Nestlé,1 kg,254.77,Yes,USD,SKU000277
643,Grocery,Pantry,Ben & Jerry's Olive Oil,Ben & Jerry's,750 ml,11.46,No,USD,SKU000278
644,Grocery,Pantry,Ben & Jerry's Basmati Rice,Ben & Jerry's,355 ml,7.72,No,USD,SKU000279
645,Grocery,Pantry,Coca-Cola Olive Oil,Coca-Cola,24-pack,7.92,No,USD,SKU000280
646,Grocery,Pantry,Barilla Peanut Butter,Barilla,1.5 L,8.22,No,USD,SKU000281
647,Grocery,Pantry,PepsiCo Olive Oil,PepsiCo,24-pack,1.24,No,USD,SKU000282
648,Grocery,Pantry,Coca-Cola Spaghetti,Coca-Cola,24-pack,4.18,No,USD,SKU000283
649,Grocery,Pantry,Nestlé Peanut Butter,Nestlé,750 ml,6.26,No,USD,SKU000284
650,Grocery,Pantry,Heinz Peanut Butter,Heinz,12-pack,6.83,No,USD,SKU000285
651,Grocery,Pantry,General Mills Basmati Rice,General Mills,355 ml,5.79,No,USD,SKU000286
652,Grocery,Pantry,Quaker Spaghetti,Quaker,355 ml,5.16,No,USD,SKU000287
653,Grocery,Pantry,Ben & Jerry's Olive 500g,Ben & Jerry's,500 g,10.26,No,USD,SKU000288
654,Grocery,Pantry,Quaker Spaghetti 355ml,Quaker,355 ml,5.81,No,USD,SKU000289
655,Grocery,Pantry,Kellogg's Basmati Rice,Kellogg's,1.5 L,8.93,No,USD,SKU000290
656,Grocery,Pantry,Heinz Tomato Sauce,Heinz,1.5 L,11.04,No,USD,SKU000291
657,Grocery,Pantry,Quaker Tomato Sauce,Quaker,750 ml,0.99,No,USD,SKU000292
658,Grocery,Pantry,Great Value Basmati Rice,Great Value,750 ml,0.99,No,USD,SKU000293
659,Grocery,Pantry,Ben & Jerry's Basmati 1kg,Ben & Jerry's,1 kg,9.45,No,USD,SKU000294
660,Grocery,Pantry,Ben & Jerry's Olive 750ml,Ben & Jerry's,750 ml,0.99,No,USD,SKU000295
661,Grocery,Pantry,Great Value Tomato Sauce,Great Value,24-pack,4.96,No,USD,SKU000296
662,Grocery,Pantry,Quaker Peanut Butter,Quaker,1 kg,12.66,No,USD,SKU000297
663,Grocery,Snacks,Nestlé Trail Mix,Nestlé,1.5 L,258.99,No,USD,SKU000298
664,Grocery,Snacks,Nestlé Chocolate Chip Cookies,Nestlé,24-pack,180.77,No,USD,SKU000299
665,Grocery,Snacks,Coca-Cola Chocolate Chip Cookies,Coca-Cola,355 ml,89.98,No,USD,SKU000300
666,Grocery,Snacks,Nestlé Chocolate Chip Cookies 1kg,Nestlé,1 kg,0.99,No,USD,SKU000301
667,Grocery,Snacks,Heinz Trail Mix,Heinz,1.5 L,161.8,No,USD,SKU000302
668,Grocery,Snacks,General Mills Potato Chips,General Mills,12-pack,166.97,No,USD,SKU000303
669,Grocery,Snacks,Great Value Potato Chips,Great Value,750 ml,179.27,No,USD,SKU000304
670,Grocery,Snacks,Nestlé Potato Chips,Nestlé,24-pack,277.19,No,USD,SKU000305
671,Grocery,Snacks,Nestlé Potato Chips 12-pack,Nestlé,12-pack,0.99,No,USD,SKU000306
672,Grocery,Snacks,Quaker Tortilla Chips,Quaker,24-pack,78.77,No,USD,SKU000307
673,Grocery,Snacks,Heinz Pretzels,Heinz,1 kg,23.24,No,USD,SKU000308
674,Grocery,Snacks,General Mills Tortilla Chips,General Mills,1 kg,116.43,No,USD,SKU000309
675,Grocery,Snacks,Heinz Trail Mix 1kg,Heinz,1 kg,159.27,No,USD,SKU000310
676,Grocery,Snacks,Coca-Cola Trail Mix,Coca-Cola,12-pack,0.99,No,USD,SKU000311
677,Grocery,Snacks,Ben & Jerry's Trail Mix,Ben & Jerry's,1 kg,70.66,No,USD,SKU000312
678,Grocery,Snacks,Great Value Tortilla Chips,Great Value,12-pack,100.26,No,USD,SKU000313
679,Grocery,Snacks,Ben & Jerry's Chocolate Chip,Ben & Jerry's,750 ml,140.57,No,USD,SKU000314
680,Grocery,Snacks,Coca-Cola Chocolate Chip Cookies 750ml,Coca-Cola,750 ml,212.08,No,USD,SKU000315
681,Grocery,Snacks,Barilla Tortilla Chips,Barilla,355 ml,186.32,No,USD,SKU000316
682,Grocery,Snacks,Barilla Pretzels,Barilla,1.5 L,210.33,No,USD,SKU000317
683,Grocery,Produce,Nestlé Tomatoes,Nestlé,355 ml,76.54,Yes,USD,SKU000318
684,Grocery,Produce,Barilla Bananas,Barilla,12-pack,13.14,Yes,USD,SKU000319
685,Grocery,Produce,General Mills Blueberries,General Mills,24-pack,0.99,Yes,USD,SKU000320
686,Grocery,Produce,Ben & Jerry's Blueberries,Ben & Jerry's,500 g,46.21,Yes,USD,SKU000321
687,Grocery,Produce,Quaker Bananas,Quaker,12-pack,308.79,Yes,USD,SKU000322
688,Grocery,Produce,Heinz Romaine Lettuce,Heinz,750 ml,81.29,Yes,USD,SKU000323
689,Grocery,Produce,General Mills Tomatoes,General Mills,1.5 L,78.17,Yes,USD,SKU000324
690,Grocery,Produce,PepsiCo Romaine Lettuce,PepsiCo,1.5 L,210.56,Yes,USD,SKU000325
691,Grocery,Produce,PepsiCo Tomatoes,PepsiCo,12-pack,178.66,Yes,USD,SKU000326
692,Grocery,Produce,Coca-Cola Gala Apples,Coca-Cola,1.5 L,0.99,Yes,USD,SKU000327
693,Grocery,Produce,Great Value Romaine Lettuce,Great Value,12-pack,209.67,Yes,USD,SKU000328
694,Grocery,Produce,General Mills Gala Apples,General Mills,750 ml,0.99,Yes,USD,SKU000329
695,Grocery,Produce,Quaker Gala Apples,Quaker,1.5 L,0.99,Yes,USD,SKU000330
696,Grocery,Produce,General Mills Gala Apples 24-pack,General Mills,24-pack,197.17,Yes,USD,SKU000331
697,Grocery,Produce,Kellogg's Romaine Lettuce,Kellogg's,750 ml,8.29,Yes,USD,SKU000332
698,Grocery,Produce,General Mills Blueberries 750ml,General Mills,750 ml,51.44,Yes,USD,SKU000333
699,Grocery,Produce,Great Value Romaine Lettuce 12-pack,Great Value,12-pack,72.57,Yes,USD,SKU000334
700,Grocery,Produce,PepsiCo Blueberries,PepsiCo,1 kg,0.99,Yes,USD,SKU000335
701,Grocery,Produce,Heinz Tomatoes,Heinz,12-pack,131.18,Yes,USD,SKU000336
702,Grocery,Produce,Kellogg's Romaine Lettuce 355ml,Kellogg's,355 ml,67.28,Yes,USD,SKU000337
703,Grocery,Beverages,Coca-Cola Orange Juice,Coca-Cola,750 ml,314.24,Yes,USD,SKU000338
704,Grocery,Beverages,Great Value Cold Brew Coffee,Great Value,500 g,227.45,Yes,USD,SKU000339
705,Grocery,Beverages,Ben & Jerry's Cola Soda,Ben & Jerry's,500 g,424.45,Yes,USD,SKU000340
706,Grocery,Beverages,Kellogg's Cold Brew Coffee,Kellogg's,1.5 L,647.37,Yes,USD,SKU000341
707,Grocery,Beverages,Nestlé Cola Soda,Nestlé,1.5 L,460.85,Yes,USD,SKU000342
708,Grocery,Beverages,Nestlé Iced Tea,Nestlé,12-pack,496.76,Yes,USD,SKU000343
709,Grocery,Beverages,Nestlé Iced Tea 12-pack,Nestlé,12-pack,0.99,Yes,USD,SKU000344
710,Grocery,Beverages,Ben & Jerry's Bottled Water,Ben & Jerry's,1.5 L,772.69,Yes,USD,SKU000345
711,Grocery,Beverages,Nestlé Iced Tea S346,Nestlé,12-pack,0.99,Yes,USD,SKU000346
712,Grocery,Beverages,General Mills Cold Brew Coffee,General Mills,1 kg,278.69,Yes,USD,SKU000347
713,Grocery,Beverages,Kellogg's Cold Brew Coffee 500g,Kellogg's,500 g,124.26,Yes,USD,SKU000348
714,Grocery,Beverages,Nestlé Bottled Water,Nestlé,1 kg,408.93,Yes,USD,SKU000349
715,Grocery,Beverages,Great Value Orange Juice,Great Value,500 g,0.99,Yes,USD,SKU000350
716,Grocery,Beverages,Barilla Iced Tea,Barilla,500 g,156.22,Yes,USD,SKU000351
717,Grocery,Beverages,Great Value Iced Tea,Great Value,12-pack,216.45,Yes,USD,SKU000352
718,Grocery,Beverages,Great Value Cola Soda,Great Value,500 g,0.99,Yes,USD,SKU000353
719,Grocery,Beverages,Barilla Bottled Water,Barilla,355 ml,10.41,Yes,USD,SKU000354
720,Grocery,Beverages,Great Value Cola Soda 1.5L,Great Value,1.5 L,702.91,Yes,USD,SKU000355
721,Grocery,Beverages,Nestlé Bottled Water 1kg,Nestlé,1 kg,264.04,Yes,USD,SKU000356
722,Grocery,Beverages,General Mills Bottled Water,General Mills,355 ml,853.85,Yes,USD,SKU000357
723,Grocery,Beverages,Quaker Orange Juice,Quaker,1.5 L,0.99,Yes,USD,SKU000358
724,Grocery,Produce,Heinz Blueberries,Heinz,1 kg,67.87,Yes,USD,SKU000359
725,Grocery,Snacks,Kellogg's Potato Chips,Kellogg's,12-pack,16.47,No,USD,SKU000360
726,Grocery,Pantry,Kellogg's Spaghetti,Kellogg's,1 kg,10.72,No,USD,SKU000361
727,Pet Supplies,Pet Care,Blue Buffalo Dog Leash,Blue Buffalo,Small,22.08,No,USD,SKU000258
728,Pet Supplies,Pet Care,Royal Canin Cat Litter,Royal Canin,3.6 kg,19.48,No,USD,SKU000259
729,Pet Supplies,Pet Care,Friskies Dry Cat Food,Friskies,Medium,41.33,No,USD,SKU000260
730,Pet Supplies,Pet Care,Royal Canin Cat Toy,Royal Canin,12 cans,0.99,No,USD,SKU000261
731,Pet Supplies,Pet Care,Purina Dog Treats,Purina,24 cans,13.62,No,USD,SKU000262
732,Pet Supplies,Pet Care,Iams Dog Leash,Iams,1.8 kg,3.89,No,USD,SKU000263
733,Pet Supplies,Pet Care,Milk-Bone Dog Treats,Milk-Bone,Medium,46.6,No,USD,SKU000264
734,Pet Supplies,Pet Care,Friskies Dry Dog Food,Friskies,12 cans,0.99,No,USD,SKU000265
735,Pet Supplies,Pet Care,Pedigree Dog Treats,Pedigree,12 cans,15.83,No,USD,SKU000266
736,Pet Supplies,Pet Care,Iams Dog Treats,Iams,7 kg,0.99,No,USD,SKU000267
737,Pet Supplies,Pet Care,Greenies Dog Treats,Greenies,24 cans,20.09,No,USD,SKU000268
738,Pet Supplies,Pet Care,Greenies Dry Cat Food,Greenies,3.6 kg,0.99,No,USD,SKU000269
739,Pet Supplies,Pet Care,Milk-Bone Dog Treats 24cans,Milk-Bone,24 cans,4.87,No,USD,SKU000270
740,Pet Supplies,Pet Care,Hill's Dry Dog Food,Hill's,10 kg,0.99,No,USD,SKU000271
741,Pet Supplies,Pet Care,Pedigree Cat Litter,Pedigree,Small,23.56,No,USD,SKU000272
742,Pet Supplies,Pet Care,Greenies Dry Cat Food Medium,Greenies,Medium,42.27,No,USD,SKU000273
743,Pet Supplies,Pet Care,Hill's Dog Leash,Hill's,12 cans,13.59,No,USD,SKU000274
744,Pet Supplies,Pet Care,Friskies Dry Dog Food 10kg,Friskies,10 kg,49.15,No,USD,SKU000275
745,Pet Supplies,Pet Care,Iams Dog Treats 3.6kg,Iams,3.6 kg,2.84,No,USD,SKU000276
746,Pet Supplies,Pet Care,Pedigree Dry Cat Food,Pedigree,Small,0.99,No,USD,SKU000277
747,Pet Supplies,Pet Care,Pedigree Dry Dog Food,Pedigree,10 kg,24.44,No,USD,SKU000278
748,Pet Supplies,Pet Care,Pedigree Dry Dog Food 24cans,Pedigree,24 cans,6.89,No,USD,SKU000279
749,Pet Supplies,Pet Care,Hill's Dog Treats,Hill's,10 kg,3.59,No,USD,SKU000280
750,Pet Supplies,Pet Care,Milk-Bone Dog Treats 10kg,Milk-Bone,10 kg,31.93,No,USD,SKU000281
751,Pet Supplies,Pet Care,Iams Dog Treats S282,Iams,3.6 kg,14.72,No,USD,SKU000282
752,Pet Supplies,Pet Care,Pedigree Cat Toy,Pedigree,Large,0.99,No,USD,SKU000283
753,Pet Supplies,Pet Care,Pedigree Dry Dog Food 3.6kg,Pedigree,3.6 kg,0.99,No,USD,SKU000284
754,Pet Supplies,Pet Care,Friskies Dry Dog Food 3.6kg,Friskies,3.6 kg,16.99,No,USD,SKU000285
755,Pet Supplies,Pet Care,Hill's Dry Dog Food Medium,Hill's,Medium,24.29,No,USD,SKU000286
756,Pet Supplies,Pet Care,Purina Cat Toy,Purina,10 kg,26.11,No,USD,SKU000287
757,Pet Supplies,Pet Care,Pedigree Dry Dog Food 7kg,Pedigree,7 kg,8.45,No,USD,SKU000288
758,Pet Supplies,Pet Care,Pedigree Cat Litter Small,Pedigree,Small,8.89,No,USD,SKU000289
759,Pet Supplies,Pet Care,Hill's Dog Leash Small,Hill's,Small,0.99,No,USD,SKU000290
760,Pet Supplies,Pet Care,Milk-Bone Dog Treats 7kg,Milk-Bone,7 kg,19.09,No,USD,SKU000291
761,Pet Supplies,Pet Care,Royal Canin Dog Leash,Royal Canin,10 kg,4.99,No,USD,SKU000292
762,Pet Supplies,Pet Care,Friskies Dry Dog Food 24cans,Friskies,24 cans,27.62,No,USD,SKU000293
763,Pet Supplies,Pet Care,Blue Buffalo Cat Toy,Blue Buffalo,1.8 kg,38.19,No,USD,SKU000294
764,Pet Supplies,Dog,Pedigree Dog Collar,Pedigree,24 cans,15.28,No,USD,SKU000295
765,Pet Supplies,Dog,Blue Buffalo Dog Collar,Blue Buffalo,10 kg,18.03,No,USD,SKU000296
766,Pet Supplies,Dog,Blue Buffalo Dog Shampoo,Blue Buffalo,Medium,16.93,No,USD,SKU000297
767,Pet Supplies,Dog,Royal Canin Dog Shampoo,Royal Canin,7 kg,22.15,No,USD,SKU000298
768,Pet Supplies,Dog,Royal Canin Dog Collar,Royal Canin,10 kg,19.1,No,USD,SKU000299
769,Pet Supplies,Dog,Friskies Dog Collar,Friskies,12 cans,14.83,No,USD,SKU000300
770,Pet Supplies,Dog,Royal Canin Dog Collar 1.8kg,Royal Canin,1.8 kg,25.7,No,USD,SKU000301
771,Pet Supplies,Dog,Blue Buffalo Dog Chew Toy,Blue Buffalo,3.6 kg,22.3,No,USD,SKU000302
772,Pet Supplies,Dog,Royal Canin Dog Collar Medium,Royal Canin,Medium,15.66,No,USD,SKU000303
773,Pet Supplies,Dog,Iams Dog Shampoo,Iams,Large,17.18,No,USD,SKU000304
774,Pet Supplies,Dog,Milk-Bone Dog Shampoo,Milk-Bone,Small,20.7,No,USD,SKU000305
775,Pet Supplies,Dog,Royal Canin Dog Chew Toy,Royal Canin,Large,24.77,No,USD,SKU000306
776,Pet Supplies,Dog,Kong Dog Shampoo,Kong,Medium,19.43,No,USD,SKU000307
777,Pet Supplies,Dog,Blue Buffalo Dog Shampoo 24cans,Blue Buffalo,24 cans,17.82,No,USD,SKU000308
778,Pet Supplies,Dog,Kong Dog Chew Toy,Kong,Small,19.38,No,USD,SKU000309
779,Pet Supplies,Dog,Kong Dog Chew Toy 1.8kg,Kong,1.8 kg,23.19,No,USD,SKU000310
780,Pet Supplies,Dog,Purina Dog Shampoo,Purina,7 kg,21.37,No,USD,SKU000311
781,Pet Supplies,Dog,Friskies Dog Collar 1.8kg,Friskies,1.8 kg,18.86,No,USD,SKU000312
782,Pet Supplies,Dog,Royal Canin Dog Chew Medium,Royal Canin,Medium,26.91,No,USD,SKU000313
783,Pet Supplies,Dog,Hill's Dog Shampoo,Hill's,24 cans,18.49,No,USD,SKU000314
784,Pet Supplies,Dog,Kong Dog Chew Toy 10kg,Kong,10 kg,7.94,No,USD,SKU000315
785,Pet Supplies,Dog,Greenies Dog Chew Toy,Greenies,12 cans,21.6,No,USD,SKU000316
786,Pet Supplies,Dog,Pedigree Dog Shampoo,Pedigree,Medium,12.4,No,USD,SKU000317
787,Pet Supplies,Dog,Hill's Dog Shampoo 24cans,Hill's,24 cans,17.96,No,USD,SKU000318
788,Pet Supplies,Dog,Milk-Bone Dog Collar,Milk-Bone,3.6 kg,20.53,No,USD,SKU000319
789,Pet Supplies,Dog,Purina Dog Collar,Purina,12 cans,16.56,No,USD,SKU000320
790,Pet Supplies,Dog,Kong Dog Shampoo Large,Kong,Large,23.37,No,USD,SKU000321
791,Pet Supplies,Dog,Kong Dog Shampoo 10kg,Kong,10 kg,16.12,No,USD,SKU000322
792,Pet Supplies,Dog,Purina Dog Chew Toy,Purina,Medium,14.62,No,USD,SKU000323
793,Pet Supplies,Dog,Greenies Dog Chew Toy 7kg,Greenies,7 kg,20.31,No,USD,SKU000324
794,Pet Supplies,Dog,Greenies Dog Shampoo,Greenies,1.8 kg,19.44,No,USD,SKU000325
795,Pet Supplies,Dog,Pedigree Dog Collar 12cans,Pedigree,12 cans,23.18,No,USD,SKU000326
796,Pet Supplies,Dog,Milk-Bone Dog Chew Toy,Milk-Bone,24 cans,17.61,No,USD,SKU000327
797,Pet Supplies,Dog,Kong Dog Shampoo 24cans,Kong,24 cans,18.76,No,USD,SKU000328
798,Pet Supplies,Dog,Milk-Bone Dog Collar Small,Milk-Bone,Small,10.42,No,USD,SKU000329
799,Pet Supplies,Dog,Milk-Bone Dog Collar 3.6kg,Milk-Bone,3.6 kg,21.12,No,USD,SKU000330
800,Pet Supplies,Dog,Friskies Dog Collar 3.6kg,Friskies,3.6 kg,21.74,No,USD,SKU000331
